Workbook

Sheet 00_README
A1: HOSSEINI 2026 - EVIDENCE-LOCKED ABAQUS CDP HANDOVER
A2: Version | B2: 2026-10-16 / V1 - SOURCE EXTRACTED; CDP NOT RELEASED
A3: Source | B3: https://doi.org/10.1016/j.engstruct.2025.121810
A4: Drive PDF | B4: https://drive.google.com/file/d/1TUkaMsIZJr7iJ6plnbLnr89tA95ONGga/view
A5: REPORTED | B5: Direct values from Tables 1-4 and Fig.1, with page noted
A6: FIGURE_DIGITIZED_APPROX | B6: Approximate reconstruction from Fig.2 vector art, not authors raw data
A7: DERIVED | B7: Computed from published geometry using equations shown
A8: MISSING | B8: Cannot fill without underlying test curve or constitutive assumption
A9: DO NOT ASSUME | B9: Batches 1/2 share Vf=2% but have distinct material means; curve Fig2b is representative, unassigned to batch
A10: DO NOT ASSUME | B10: Gauge strain EPS_t,cr is not automatically Abaqus tensile cracking strain
A11: DO NOT ASSUME | B11: Fig2a bending force/deflection is NOT sigma-w
A12: DO NOT ASSUME | B12: HSS ultimate stress alone does not define the full plastic hardening curve
A13: DO NOT ASSUME | B13: Stress-strain tail of Fig2b is NOT a complete post-localization fracture law
... A15: PRIMARY VALIDATION | B15: Vf1-r0-2p7 and Vf2-r0-2p7 (diagonal tension contrast), then a/d 1.7 compression strut

Sheet 01_BATCH_MATERIAL
A1: Batch ID | B1: Vf % | C1: fc MPa | D1: fc SD MPa | E1: Ec GPa | F1: Ec SD GPa | G1: eps_cp % | H1: eps_cp SD % | I1: ft_cr MPa | J1: ft_cr SD | K1: eps_t_cr % | L1: eps_t_cr SD % | M1: ft_loc MPa | N1: ft_loc SD | O1: eps_t_loc % | P1: eps_t_loc SD | Q1: inverse_ft_cr MPa | R1: inverse_ft_cr SD | S1: inverse_fFu MPa | T1: inverse_fFu SD | U1: Page | V1: Evidence | W1: Source
A2: 1 | B2: 2 | C2: 152.8 | D2: 9.3 | E2: 46 | F2: 0.5 | G2: 0.35 | H2: 0.06 | I2: 9 | J2: 0.8 | K2: 0.16 | L2: 0.04 | M2: 10 | N2: 0.8 | O2: 0.5 | P2: 0.04 | Q2: 8.8 | R2: 1.2 | S2: 12 | T2: 1.2 | U2: 4 | V2: REPORTED | W2: https://doi.org/10.1016/j.engstruct.2025.121810
A3: 2 | B3: 2 | C3: 153.2 | D3: 9.6 | E3: 47.3 | F3: 2.1 | G3: 0.32 | H3: 0.05 | I3: 8.8 | J3: 1.2 | K3: 0.15 | L3: 0.03 | M3: 9.3 | N3: 1.2 | O3: 0.5 | P3: 0.01 | Q3: 9 | R3: 0.8 | S3: 10.8 | T3: 0.8 | U3: 4 | V3: REPORTED | W3: https://doi.org/10.1016/j.engstruct.2025.121810
A4: 3 | B4: 1 | C4: 166.4 | D4: 4.4 | E4: 45.4 | F4: 1.1 | G4: 0.4 | H4: 0.04 | I4: 6 | J4: 1 | K4: 0.1 | L4: 0.04 | M4: 7.5 | N4: 1 | O4: 0.27 | P4: 0.02 | Q4: 5.3 | R4: 2 | S4: 7.8 | T4: 0.4 | U4: 4 | V4: REPORTED | W4: https://doi.org/10.1016/j.engstruct.2025.121810

Sheet 02_REBAR
A1: Bar ID | B1: Steel grade | C1: Dia mm | D1: fy MPa | E1: fu MPa | F1: E GPa | G1: Evidence / caution | H1: Page | I1: Source
A2: 10M | B2: Grade 500 | C2: 11.3 | D2: 463 | E2: 600 | F2: 208 | G2: Tested, Table 3 | H2: 6 | I2: https://doi.org/10.1016/j.engstruct.2025.121810
A3: M#3 | B3: MMFX 4100 | C3: 9.5 | D3: 684 | E3: 1142 | F3: 196 | G3: fy/fu/E approximated from M#4, Table 3 note | H3: 6 | I3: https://doi.org/10.1016/j.engstruct.2025.121810
A4: M#4 | B4: MMFX 4100 | C4: 12.7 | D4: 684 | E4: 1142 | F4: 196 | G4: Tested, Table 3 | H4: 6 | I4: https://doi.org/10.1016/j.engstruct.2025.121810
A5: M#10 | B5: MMFX 4100 | C5: 32.3 | D5: 690 | E5: 1160 | F5: 200 | G5: Tested, Table 3 | H5: 6 | I5: https://doi.org/10.1016/j.engstruct.2025.121810

Sheet 03_GEOMETRY
A1: L mm | B1: 5000 | C1: REPORTED Fig.1 | D1: p5
A2: Web width mm | B2: 180 | C2: REPORTED Fig.1 | D2: p5
A3: Overall h mm | B3: 500 | C3: REPORTED Fig.1 | D3: p5
A4: Flange width mm | B4: 400 | C4: REPORTED Fig.1 | D4: p5
A5: Flange thickness mm | B5: 100 | C5: REPORTED Fig.1 | D5: p5
A6: Effective depth d mm | B6: 410 | C6: REPORTED Table1 Fig1 | D6: p3,p5
A7: Top longitudinal bars | B7: 2x M#3 (Ø10) FIGURE; TEXT says M#4 | C7: CONFLICT - MUST RESOLVE | D7: p3,p5
A8: Bottom longitudinal bars | B8: 6x M#10 (Ø32) | C8: REPORTED Fig.1 | D8: p5
A9: Steel fiber length mm | B9: 13 | C9: REPORTED sec2.2.1 | D9: p3
A10: Steel fiber diameter mm | B10: 0.2 | C10: REPORTED sec2.2.1 | D10: p3
A11: Steel fiber min tensile MPa | B11: 2500 | C11: REPORTED sec2.2.1 | D11: p3
A12: Loading | B12: Three-point eccentric bending, quasi-static | C12: REPORTED | D12: p3,p5
A13: Loading actuator speed mm/s | B13: 0.1 | C13: REPORTED | D13: p3
A14: Nominal loading contact length mm | B14: 300 | C14: REPORTED Fig.1 annotations; contact pad thickness NOT GIVEN | D14: p5
A15: West support x mm - 2p7 default | B15: 300 | C15: FROM Fig1 dimension | D15: p5
A16: East support x mm - 2p7 default | B16: 4700 | C16: FROM Fig1 dimension | D16: p5
A17: Loading point x mm - 2p7 default | B17: 1613 | C17: FROM Fig1 dimension | D17: p5
A18: West support x mm - 1p7 default | B18: 1613 | C18: FROM Fig1 dimension | D18: p5
A19: East support x mm - 1p7 default | B19: 4700 | C19: FROM Fig1 dimension | D19: p5
A20: Loading point x mm - 1p7 default | B20: 3797 | C20: FROM Fig1 dimension | D20: p5
A21: West support x mm - 0p4 H special | B21: 1613 | C21: FROM Fig1(c) dimension | D21: p5
A22: East support x mm - 0p4 H special | B22: 4700 | C22: FROM Fig1(c) dimension | D22: p5
A23: Loading point x mm - 0p4 H special | B23: 3387 | C23: FROM Fig1(c) dimension | D23: p5
A24: Supports/contact details | C24: MISSING bearing pad 3D shape, friction, rotation restraints | D24: p5
A25: Fiber orientation field | C25: MISSING; assumed homogeneous distribution needs sensitivity | D25: p3
A26: Crushing full curve | C26: MISSING; only E, fc, epsilon_peak | D26: p4
A27: Fiber bridging sigma-w / GF | C27: MISSING; Fig2b uses strain, no w | D27: p6

Sheet 04_SPECIMENS
A1: Specimen ID | B1: Vf % | C1: rho_sv % | D1: Stirrup grade | E1: a/d | F1: Batch | G1: Stirrup spacing mm | H1: Stirrup bar | I1: Special supports | J1: V_ult kN | K1: delta_ult mm | L1: CSC angle deg | M1: Failure mode | N1: epsilon_c,ult microstrain | O1: Table 1/4 page | P1: Evidence | Q1: P estimate (kN), geometrically derived | R1: NOT REPORTED machine load; do not confuse
A2: Vf1-r0-1p7 | B2: 1 | C2: 0 | D2: - | E2: 1.7 | F2: 3 | I2: FALSE | J2: 884 | K2: 7.9 | L2: 38 | M2: DC+SC | N2: -902 | O2: 3,10 | P2: REPORTED | Q2: =J2/0.7074829932 | R2: support reaction geometric inference; not author P
A3: Vf1-r0-2p7 | B3: 1 | C3: 0 | D3: - | E3: 2.7 | F3: 3 | I3: FALSE | J3: 478 | K3: 12.7 | L3: 29 | M3: DT | N3: -1091 | O3: 3,10 | P3: REPORTED | Q3: =J3/0.7015909091 | R3: support reaction geometric inference; not author P
A4: Vf2-r0-1p7 | B4: 2 | C4: 0 | D4: - | E4: 1.7 | F4: 2 | I4: FALSE | J4: 1241 | K4: 14.6 | L4: 44 | M4: DC+SC | N4: -1023 | O4: 3,10 | P4: REPORTED | Q4: =J4/0.7074829932 | R4: support reaction geometric inference; not author P
A5: Vf2-r0-2p7 | B5: 2 | C5: 0 | D5: - | E5: 2.7 | F5: 2 | I5: FALSE | J5: 862 | K5: 29.6 | L5: 30 | M5: DT+DC+SC | N5: -1551 | O5: 3,10 | P5: REPORTED | Q5: =J5/0.7015909091 | R5: support reaction geometric inference; not author P
A6: Vf1-r06N-1p7 | B6: 1 | C6: 0.6 | D6: NSS | E6: 1.7 | F6: 3 | G6: 200 | H6: 10M | I6: FALSE | J6: 1358 | K6: 14.1 | L6: 34 | M6: DC+SC | N6: -2082 | O6: 3,10 | P6: REPORTED | Q6: =J6/0.7074829932 | R6: support reaction geometric inference; not author P
A7: Vf1-r06N-2p7 | B7: 1 | C7: 0.6 | D7: NSS | E7: 2.7 | F7: 3 | G7: 200 | H7: 10M | I7: FALSE | J7: 888 | K7: 30 | L7: 28 | M7: DT+DC+SC | N7: -2491 | O7: 3,10 | P7: REPORTED | Q7: =J7/0.7015909091 | R7: support reaction geometric inference; not author P
A8: Vf2-r06N-1p7 | B8: 2 | C8: 0.6 | D8: NSS | E8: 1.7 | F8: 1 | G8: 200 | H8: 10M | I8: FALSE | J8: 1534 | K8: 18.9 | L8: 37 | M8: DC+SC | N8: -2140 | O8: 3,10 | P8: REPORTED | Q8: =J8/0.7074829932 | R8: support reaction geometric inference; not author P
A9: Vf2-r06N-2p7 | B9: 2 | C9: 0.6 | D9: NSS | E9: 2.7 | F9: 1 | G9: 200 | H9: 10M | I9: FALSE | J9: 1092 | K9: 38.9 | L9: 29 | M9: DT+DC+SC | N9: -4203 | O9: 3,10 | P9: REPORTED | Q9: =J9/0.7015909091 | R9: support reaction geometric inference; not author P
A10: Vf1-r07H-1p7 | B10: 1 | C10: 0.7 | D10: HSS | E10: 1.7 | F10: 3 | G10: 200 | H10: M#4 | I10: FALSE | J10: 1600 | K10: 15.8 | L10: 44 | M10: DC+SC | N10: -3595 | O10: 3,10 | P10: REPORTED | Q10: =J10/0.7074829932 | R10: support reaction geometric inference; not author P
A11: Vf1-r07H-2p7 | B11: 1 | C11: 0.7 | D11: HSS | E11: 2.7 | F11: 3 | G11: 200 | H11: M#4 | I11: FALSE | J11: 1156 | K11: 35.9 | L11: 45 | M11: DC+FL | N11: -4348 | O11: 3,10 | P11: REPORTED | Q11: =J11/0.7015909091 | R11: support reaction geometric inference; not author P
A12: Vf1-r04H-2p7 | B12: 1 | C12: 0.4 | D12: HSS | E12: 2.7 | F12: 3 | G12: 200 | H12: M#3 | I12: TRUE | J12: 1125 | K12: 23.1 | L12: 30 | M12: DC+FL | N12: -3149 | O12: 3,10 | P12: REPORTED | Q12: =J12/0.5746679624 | R12: support reaction geometric inference; not author P
A13: Vf1-r05H-2p7 | B13: 1 | C13: 0.5 | D13: HSS | E13: 2.7 | F13: 3 | G13: 150 | H13: M#3 | I13: FALSE | J13: 1134 | K13: 38.3 | L13: 37 | M13: DC+FL | N13: -3445 | O13: 3,10 | P13: REPORTED | Q13: =J13/0.7015909091 | R13: support reaction geometric inference; not author P

Sheet 05_FIG2_CURVES
A1: curve_id | B1: Vf % | C1: x | D1: y | E1: x units | F1: y units | G1: Evidence | H1: Source/Figure | I1: NOTE
A2: fig2a_bending_vf1 | B2: 1 | C2: 0 | D2: 0 | E2: mm | F2: kN | G2: FIGURE_DIGITIZED_APPROX | H2: Figure2 p6 | I2: No batch assignment for 2%; no local fracture conversion
A3: fig2a_bending_vf1 | B3: 1 | C3: 0.0389613 | D3: 22.76249 | E3: mm | F3: kN | G3: FIGURE_DIGITIZED_APPROX | H3: Figure2 p6 | I3: No batch assignment for 2%; no local fracture conversion
A4: fig2a_bending_vf1 | B4: 1 | C4: 0.0779226 | D4: 39.48821 | E4: mm | F4: kN | G4: FIGURE_DIGITIZED_APPROX | H4: Figure2 p6 | I4: No batch assignment for 2%; no local fracture conversion
A5: fig2a_bending_vf1 | B5: 1 | C5: 0.1168839 | D5: 49.17756 | E5: mm | F5: kN | G5: FIGURE_DIGITIZED_APPROX | H5: Figure2 p6 | I5: No batch assignment for 2%; no local fracture conversion
A6: fig2a_bending_vf1 | B6: 1 | C6: 0.1558452 | D6: 53.28906 | E6: mm | F6: kN | G6: FIGURE_DIGITIZED_APPROX | H6: Figure2 p6 | I6: No batch assignment for 2%; no local fracture conversion
A7: fig2a_bending_vf1 | B7: 1 | C7: 0.1948065 | D7: 56.80846 | E7: mm | F7: kN | G7: FIGURE_DIGITIZED_APPROX | H7: Figure2 p6 | I7: No batch assignment for 2%; no local fracture conversion
A8: fig2a_bending_vf1 | B8: 1 | C8: 0.2337678 | D8: 59.82621 | E8: mm | F8: kN | G8: FIGURE_DIGITIZED_APPROX | H8: Figure2 p6 | I8: No batch assignment for 2%; no local fracture conversion
A9: fig2a_bending_vf1 | B9: 1 | C9: 0.2727291 | D9: 62.20687 | E9: mm | F9: kN | G9: FIGURE_DIGITIZED_APPROX | H9: Figure2 p6 | I9: No batch assignment for 2%; no local fracture conversion
A10: fig2a_bending_vf1 | B10: 1 | C10: 0.3116904 | D10: 63.58032 | E10: mm | F10: kN | G10: FIGURE_DIGITIZED_APPROX | H10: Figure2 p6 | I10: No batch assignment for 2%; no local fracture conversion
A11: fig2a_bending_vf1 | B11: 1 | C11: 0.3506517 | D11: 63.73288 | E11: mm | F11: kN | G11: FIGURE_DIGITIZED_APPROX | H11: Figure2 p6 | I11: No batch assignment for 2%; no local fracture conversion
A12: fig2a_bending_vf1 | B12: 1 | C12: 0.389613 | D12: 63.79155 | E12: mm | F12: kN | G12: FIGURE_DIGITIZED_APPROX | H12: Figure2 p6 | I12: No batch assignment for 2%; no local fracture conversion
A13: fig2a_bending_vf1 | B13: 1 | C13: 0.4285743 | D13: 64.65695 | E13: mm | F13: kN | G13: FIGURE_DIGITIZED_APPROX | H13: Figure2 p6 | I13: No batch assignment for 2%; no local fracture conversion
... A301: fig2b_tension_vf2 | B301: 2 | C301: 0.0099811 | D301: 6.64111 | E301: mm/mm | F301: MPa | G301: FIGURE_DIGITIZED_APPROX | H301: Figure2 p6 | I301: No batch assignment for 2%; no local fracture conversion

Sheet 06_CDP_DATA_GAPS
A1: Input | B1: Batch 1 | C1: Batch 2 | D1: Batch 3 | E1: Status | F1: Correct interpretation / provenance
A2: E0 MPa | B2: 46000 | C2: 47300 | D2: 45400 | E2: REPORTED | F2: Table 2; convert GPa -> MPa
A3: nu | E3: MISSING | F3: No Poisson ratio measured in paper
A4: fc MPa | B4: 152.8 | C4: 153.2 | D4: 166.4 | E4: REPORTED | F4: Table 2
A5: eps_cp | B5: 0.0035 | C5: 0.0032 | D5: 0.004 | E5: REPORTED | F5: Table2 %/100; total axial strain at peak
A6: compression sigma vs total eps | E6: MISSING | F6: Only three anchors; must measure or introduce SOURCE-DEFINED assumed law
A7: compression hardening sigma vs eps_in | E7: MISSING | F7: eps_in=eps_total-sigma/E0, nondecreasing/nonnegative
A8: compression damage dc vs eps_in | E8: MISSING | F8: If used, check Abaqus calculated plastic strain monotonic
A9: ft cracking MPa | B9: 9 | C9: 8.8 | D9: 6 | E9: REPORTED | F9: Table 2, direct tension
A10: ft localization MPa | B10: 10 | C10: 9.3 | D10: 7.5 | E10: REPORTED | F10: Table 2, direct tension
A11: strain during hardening eps_tcr | B11: 0.0016 | C11: 0.0015 | D11: 0.001 | E11: REPORTED | F11: Table 2 %/100, not Abaqus cracking strain
A12: strain at localization eps_tloc | B12: 0.005 | C12: 0.005 | D12: 0.0027 | E12: REPORTED | F12: Table 2 %/100; gauges differ by batch
A13: sigma-eps tension representative | E13: GRAPH ONLY | F13: Fig2b 2% representative cannot resolve Batch1 vs Batch2
A14: fracture energy Gf N/mm | E14: MISSING | F14: Do not transfer Fang 13.762/6.836 as measured here
A15: sigma-w postloc | E15: MISSING | F15: Need crack-opening or inverse-calibrated law
A16: tension damage dt | E16: MISSING | F16: May omit initially; then damage contours/redistribution restricted
A17: CDP psi | E17: MISSING | F17: Independent sensitivity study: do not use legacy 36deg as confirmed
A18: CDP eccentricity | E18: MISSING | F18: Abaqus default/assumption requires recording
A19: CDP fb0/fc0 | E19: MISSING | F19: Assumption not test measurement
A20: CDP Kc | E20: MISSING | F20: Assumption not test measurement
A21: CDP viscosity | E21: MISSING | F21: Solver algorithm choice, not material measurement

Sheet 07_PRE_FLIGHT
A1: Gate | B1: Finding | C1: Release
A2: PAPER | B2: 12 T beams, three test batches, 4 point loading? NO: 3-point ECCENTRIC | C2: PASS
A3: PAPER_CONFLICT | B3: Fig1 top longitudinal 2x M#3 vs Sec2.1 text 2x M#4 | C3: HOLD
A4: GEOMETRY | B4: Unique 0.4% HSS special support arrangement | C4: CONTROLLED
A5: EXP_TARGET | B5: Table4 Vult is shear force, NOT necessarily applied P | C5: CONTROLLED
A6: MATERIAL | B6: 3 mean E/fc/epscp/ft values extracted | C6: PASS
A7: MATERIAL_CURVES | B7: Four approximate representative Fig2 curves digitized | C7: CONDITIONAL
A8: CDP | B8: Full compression postpeak, sigma-w, damage, dilation unavailable | C8: HOLD
A9: STEEL | B9: fy/fu E reported, no full stress-strain; top rebar conflict | C9: HOLD
A10: MODEL | B10: No Abaqus job submitted; no validated predictions | C10: NOT RUN
A11: BASELINE | B11: Source materials may be built as elastic preview; CDP must pass gate | C11: NOT RELEASED

Sheet 08_CDP_PEAK_AUDIT
A1: Batch | B1: f_c MPa | C1: E MPa | D1: eps_cp | E1: eps_elastic_peak = fc/E | F1: eps_in_peak = eps_cp - fc/E | G1: E*eps_cp/fc | H1: Abaqus direct insertability | I1: Provenance
A2: ='01_BATCH_MATERIAL'!A2 | B2: ='01_BATCH_MATERIAL'!C2 | C2: ='01_BATCH_MATERIAL'!E2*1000 | D2: ='01_BATCH_MATERIAL'!G2/100 | E2: =B2/C2 | F2: =D2-E2 | G2: =C2*D2/B2 | H2: =IF(F2<0,"HOLD: NEGATIVE EPS_IN_PEAK","ANCHOR NONNEGATIVE; FULL LAW STILL MISSING") | I2: DERIVED FROM REPORTED BATCH MEANS; NOT A TRUE SAMPLE CURVE
A3: ='01_BATCH_MATERIAL'!A3 | B3: ='01_BATCH_MATERIAL'!C3 | C3: ='01_BATCH_MATERIAL'!E3*1000 | D3: ='01_BATCH_MATERIAL'!G3/100 | E3: =B3/C3 | F3: =D3-E3 | G3: =C3*D3/B3 | H3: =IF(F3<0,"HOLD: NEGATIVE EPS_IN_PEAK","ANCHOR NONNEGATIVE; FULL LAW STILL MISSING") | I3: DERIVED FROM REPORTED BATCH MEANS; NOT A TRUE SAMPLE CURVE
A4: ='01_BATCH_MATERIAL'!A4 | B4: ='01_BATCH_MATERIAL'!C4 | C4: ='01_BATCH_MATERIAL'!E4*1000 | D4: ='01_BATCH_MATERIAL'!G4/100 | E4: =B4/C4 | F4: =D4-E4 | G4: =C4*D4/B4 | H4: =IF(F4<0,"HOLD: NEGATIVE EPS_IN_PEAK","ANCHOR NONNEGATIVE; FULL LAW STILL MISSING") | I4: DERIVED FROM REPORTED BATCH MEANS; NOT A TRUE SAMPLE CURVE
